grid_id,target_bus_stop,target_stop_id,euclid_dist_m,final_walk_dist_m,calc_method,elderly_walk_time_min
마마2271, 금호역,570112.0,582.0,1179.7,Detour_Model_2.027_(물리적오류보정),28.1
마마2272, 사일못밑(상암방면),571227.0,416.8,524.0,Tmap_API_Min,12.5
마마2273, 전륜사,571230.0,195.6,396.5,Detour_Model_2.027_(물리적오류보정),9.4
마마2374, 대평모텔건너,571690.0,510.1,1034.0,Detour_Model_2.027_(물리적오류보정),24.6
마마2375, 신덕2리.대평(청통방면),571232.0,570.9,1157.2,Detour_Model_2.027_(물리적오류보정),27.6
마마2476, 서산동종점,571564.0,387.4,390.0,Tmap_API_Min,9.3
마마3866, 효리입구(영천방면),571407.0,291.2,590.3,Detour_Model_2.027_(물리적오류보정),14.1
마마4670, 황수탕,570387.0,824.1,1128.0,Tmap_API_Min,26.9
마마4570, 덕정리(호국원방면),570388.0,1714.5,4265.0,Tmap_API_Min,101.5
마마4571, 황수탕,570387.0,304.0,333.0,Tmap_API_Min,7.9
마마3267, 용수골,571755.0,737.2,1494.3,Detour_Model_2.027_(물리적오류보정),35.6
마마3068, 채신공단종점,571536.0,397.0,804.7,Detour_Model_2.027_(물리적오류보정),19.2
마마3069, 한중본사제1공장건너,571534.0,169.0,414.0,Tmap_API_Min,9.9
마마3167, 용수골,571755.0,386.8,784.0,Detour_Model_2.027_(물리적오류보정),18.7
마마3168, 괴연동(괴연방면),571320.0,305.0,329.0,Tmap_API_Min,7.8
마마3268, 괴연동(괴연방면),571320.0,790.9,1603.2,Detour_Model_2.027_(물리적오류보정),38.2
마마3169, 채신2공단입구,571318.0,84.5,90.0,Tmap_API_Min,2.1
마마3170, 본촌입구(괴연방면),571314.0,491.0,1176.0,Tmap_API_Min,28.0
마마3070, 본촌입구(괴연방면),571314.0,664.1,549.3,Spatial_Interpolation (3배수_주변평균),13.1
마마2971, 도남공단입구건너,710700.0,41.6,84.3,Detour_Model_2.027_(물리적오류보정),2.0
마마3071, 봉동.가와인아파트건너,571332.0,207.4,218.0,Tmap_API_Min,5.2
마마3072, 우시장(진각사입구.영천희망원),571470.0,124.6,252.6,Detour_Model_2.027_(물리적오류보정),6.0
마마2872, 도동삼거리앞,570092.0,452.5,535.0,Tmap_API_Min,12.7
마마2972, 남부동주민센터,571472.0,173.3,189.0,Tmap_API_Min,4.5
마마2873, 주남네거리(sk주유소건너),570094.0,676.1,1378.0,Tmap_API_Min,32.8
마마3172, 남부초등학교,571467.0,99.7,202.1,Detour_Model_2.027_(물리적오류보정),4.8
마마3173, 범어동마을회관앞,571340.0,634.9,689.0,Tmap_API_Min,16.4
마마2773, 영천경찰서,570104.0,641.9,743.8,Spatial_Interpolation (3배수_주변평균),17.7
마마2774, 영대병원,570125.0,124.8,253.0,Detour_Model_2.027_(물리적오류보정),6.0
마마2973, 한전영천지사앞,570089.0,613.0,767.0,Tmap_API_Min,18.3
마마3073, 쇠느리건너,571482.0,583.3,1033.0,Tmap_API_Min,24.6
마마3074, 봉정사 앞,571579.0,198.7,239.0,Tmap_API_Min,5.7
마마2874, 영천버스터미널건너,570078.0,309.7,815.0,Tmap_API_Min,19.4
마마2974, 영천상공회의소,570130.0,239.7,336.0,Tmap_API_Min,8.0
마마3075, 미소지움2차,571716.0,130.2,157.0,Tmap_API_Min,3.7
마마2875, 영천시민운동장주차장,570081.0,169.1,255.0,Tmap_API_Min,6.1
마마2975, 영동교(시청방향),570008.0,284.6,493.0,Tmap_API_Min,11.7
마마2876, 한의마을,570592.0,300.4,313.0,Tmap_API_Min,7.5
마마2976, 시청뒷편,570053.0,371.3,752.6,Detour_Model_2.027_(물리적오류보정),17.9
마마4471, 덕정리(호국원방면),570388.0,243.3,493.2,Detour_Model_2.027_(물리적오류보정),11.7
마마4472, 덕정사주카페(호국원방면),570391.0,486.1,985.3,Detour_Model_2.027_(물리적오류보정),23.5
마마3274, 금강사,571720.0,684.7,1387.9,Detour_Model_2.027_(물리적오류보정),33.0
마마3174, 완산2동경로당,571717.0,503.9,1021.4,Detour_Model_2.027_(물리적오류보정),24.3
마마3275, 쓰레기매립장입구,571721.0,456.6,925.5,Detour_Model_2.027_(물리적오류보정),22.0
마마3175, 장천삼거리,571725.0,117.6,297.0,Tmap_API_Min,7.1
마마3076, 망정네거리,570058.0,106.6,216.1,Detour_Model_2.027_(물리적오류보정),5.1
마마3176, 영천소방서건너,570016.0,130.7,264.9,Detour_Model_2.027_(물리적오류보정),6.3
마마3276, 조교삼거리(고경방면),570132.0,548.5,1111.8,Detour_Model_2.027_(물리적오류보정),26.5
마마3277, 언하1동,571532.0,170.5,379.0,Tmap_API_Min,9.0
마마3177, 갑을공단(화신건너),570067.0,102.8,208.4,Detour_Model_2.027_(물리적오류보정),5.0
마마3077, 전경부대앞,570022.0,372.5,379.0,Tmap_API_Min,9.0
마마2674, 쌍계동,571480.0,659.9,830.0,Tmap_API_Min,19.8
마마2675, 쌍계동,571480.0,891.2,1806.5,Detour_Model_2.027_(물리적오류보정),43.0
마마2775, 북영천역,571261.0,364.1,551.0,Tmap_API_Min,13.1
마마2576, 도향사건너,571566.0,441.1,792.0,Tmap_API_Min,18.9
마마2776, 영남실버입구,571708.0,171.1,214.0,Tmap_API_Min,5.1
마마2676, 대전입구건너,571250.0,541.4,726.0,Tmap_API_Min,17.3
마마2577, 태양고물상건너,571248.0,626.7,1270.3,Detour_Model_2.027_(물리적오류보정),30.2
마마2677, 태양고물상건너,571248.0,381.3,399.0,Tmap_API_Min,9.5
마마2777, 대전1동마을회관건너,571253.0,136.5,276.7,Detour_Model_2.027_(물리적오류보정),6.6
마마2977, 야사신주공아파트앞,570028.0,1113.3,1728.0,Tmap_API_Min,41.1
마마2877, 오미(영천방면),570591.0,333.9,351.0,Tmap_API_Min,8.4
마마2978, 녹전.영천영어타운건너,570541.0,1129.1,1344.0,Tmap_API_Min,32.0
마마2878, 녹전.영천영어타운건너,570541.0,260.9,399.0,Tmap_API_Min,9.5
마마2979, 도림(영천방면),570586.0,986.1,928.6,Spatial_Interpolation (3배수_주변평균),22.1
마마2879, 도림(영천방면),570586.0,117.4,238.0,Detour_Model_2.027_(물리적오류보정),5.7
마마2980, 도림1동회관,570971.0,234.3,474.9,Detour_Model_2.027_(물리적오류보정),11.3
마마2880, 하명마을입구,570585.0,264.6,536.3,Detour_Model_2.027_(물리적오류보정),12.8
마마2981, 도림1동(숯골),570972.0,394.9,800.5,Detour_Model_2.027_(물리적오류보정),19.1
마마2881, 매산1동(화남방면),570547.0,408.8,418.0,Tmap_API_Min,10.0
마마3178, 신기동 마을회관,571578.0,378.3,403.0,Tmap_API_Min,9.6
마마3078, 임시58(언하방면),571528.0,876.0,1294.0,Tmap_API_Min,30.8
마마3079, 신기동 마을회관,571578.0,1092.2,2213.9,Detour_Model_2.027_(물리적오류보정),52.7
마마3080, 도림동,570970.0,1500.8,1468.0,Spatial_Interpolation (3배수_주변평균),35.0
마마2778, 상대전(화남방면),571254.0,583.0,597.0,Tmap_API_Min,14.2
마마2779, 녹전2동,570943.0,155.8,191.0,Tmap_API_Min,4.5
마마2780, 녹동3동(영천방면),570952.0,417.5,846.3,Detour_Model_2.027_(물리적오류보정),20.2
마마2781, 매산2동,570950.0,527.1,1068.4,Detour_Model_2.027_(물리적오류보정),25.4
마마2782, 매산1동(영천방면),570582.0,675.8,1328.0,Tmap_API_Min,31.6
마마2264, 사리2리종점,570698.0,471.4,955.5,Detour_Model_2.027,22.8
마마2462, 구지리,570714.0,867.6,1758.6,Detour_Model_2.027,41.9
마마2463, 장곡리(사리방면),570705.0,131.9,267.4,Detour_Model_2.027,6.4
마마2364, 사리2리종점,570698.0,545.4,1105.5,Detour_Model_2.027,26.3
마마2464, 장곡공장(사리방면),570706.0,68.4,138.6,Detour_Model_2.027,3.3
마마2465, 사리1리마을회관,570693.0,528.1,1070.5,Detour_Model_2.027,25.5
마마2365, 사리2리종점,570698.0,375.3,760.7,Detour_Model_2.027,18.1
마마2265, 사리2리종점,570698.0,500.2,1013.9,Detour_Model_2.027,24.1
마마2267, 남성마을,570758.0,1283.4,2601.5,Detour_Model_2.027,61.9
마마2466, 포척(금호방면),570720.0,898.2,1820.7,Detour_Model_2.027,43.4
마마2366, 사리2리(사리방면),570697.0,1110.0,2250.0,Detour_Model_2.027,53.6
마마2467, 강회(대창방면),570603.0,861.1,1745.4,Detour_Model_2.027,41.6
마마2367, 남성마을,570758.0,715.6,1450.5,Detour_Model_2.027,34.5
마마2368, 남성마을,570758.0,526.6,1067.4,Detour_Model_2.027,25.4
마마2468, 원기(대창방면),571684.0,104.6,212.0,Detour_Model_2.027,5.0
마마2369, 신대고개(금호방면),570769.0,158.5,321.3,Detour_Model_2.027,7.6
마마2469, 휘정사입구,570597.0,469.2,951.1,Detour_Model_2.027,22.6
마마2470, 어은동입구(금호방면),570745.0,246.6,499.9,Detour_Model_2.027,11.9
마마2370, 삼호사거리(신대방면),570749.0,119.8,242.8,Detour_Model_2.027,5.8
마마2268, 신대삼거리(신대방면),570753.0,816.2,1654.4,Detour_Model_2.027,39.4
마마2269, 신대고개(신대방면),570751.0,571.8,1159.0,Detour_Model_2.027,27.6
마마2270, 덕성리동일금속,570113.0,795.2,1611.9,Detour_Model_2.027,38.4
마마2471, 냉천2리회관.금호초등건너,570118.0,159.1,322.5,Detour_Model_2.027,7.7
마마2371, 금호터미널,570115.0,176.3,357.4,Detour_Model_2.027,8.5
마마2472, 포은고등학교,571710.0,251.1,509.0,Detour_Model_2.027,12.1
마마2372, 성천교회건너,571207.0,299.1,606.3,Detour_Model_2.027,14.4
마마2473, 포롱마을건너,571218.0,141.8,287.4,Detour_Model_2.027,6.8
마마2373, 전륜사,571230.0,653.5,1324.6,Detour_Model_2.027,31.5
마마2274, 대평모텔건너,571690.0,599.2,1214.6,Detour_Model_2.027,28.9
마마2474, 대미입구(대동방면),571213.0,170.7,346.0,Detour_Model_2.027,8.2
마마2174, 대장골,710676.0,529.0,1072.3,Detour_Model_2.027,25.5
마마2074, 한티재,710673.0,499.2,1011.9,Detour_Model_2.027,24.1
마마2175, 한티재,710673.0,492.2,997.7,Detour_Model_2.027,23.8
마마2075, 한티재,710674.0,501.0,1015.5,Detour_Model_2.027,24.2
마마1974, 송천리.송천공단(청통방면),571179.0,447.4,906.9,Detour_Model_2.027,21.6
마마1875, 덕산(천일주유소건너),571177.0,526.8,1067.8,Detour_Model_2.027,25.4
마마2275, 대평리(신덕방면),571234.0,49.3,99.9,Detour_Model_2.027,2.4
마마2475, 대동마을회관,571214.0,804.0,1629.7,Detour_Model_2.027,38.8
마마2376, 경안프랜트,571196.0,538.8,1092.1,Detour_Model_2.027,26.0
마마2276, 청통면신덕리(금호방면),571197.0,568.3,1151.9,Detour_Model_2.027,27.4
마마2377, 우천1리마을회관건너,571242.0,365.3,740.5,Detour_Model_2.027,17.6
마마2277, 우천1리(보건진료소),571139.0,285.6,578.9,Detour_Model_2.027,13.8
마마2477, 우천2리.드림산업,571243.0,789.1,1599.5,Detour_Model_2.027,38.1
마마1975, 덕산(천일주유소건너),571177.0,372.2,754.4,Detour_Model_2.027,18.0
마마1776, 은해사(종점),571165.0,1377.1,2791.4,Detour_Model_2.027,66.5
마마1876, 송천리.월성(송천방면),571176.0,810.2,1642.3,Detour_Model_2.027,39.1
마마1777, 은해사(종점),571165.0,591.6,1199.2,Detour_Model_2.027,28.6
마마1877, 청통CC입구,571169.0,822.2,1666.6,Detour_Model_2.027,39.7
마마1878, 청통CC입구건너,571161.0,120.2,243.6,Detour_Model_2.027,5.8
마마1778, 애련길,571764.0,361.6,733.0,Detour_Model_2.027,17.5
마마1879, 계포리.하계(청통방면),571106.0,202.1,409.7,Detour_Model_2.027,9.8
마마1779, 애련동(애련방면),571150.0,427.3,866.1,Detour_Model_2.027,20.6
마마2076, 한티재,710674.0,1186.2,2404.4,Detour_Model_2.027,57.2
마마1976, 송천리.월성(청통방면),571182.0,309.7,627.8,Detour_Model_2.027,14.9
마마2176, 청통면신덕리(금호방면),571197.0,904.4,1833.2,Detour_Model_2.027,43.6
마마2077, 보성리(봉수입구),571143.0,852.4,1727.8,Detour_Model_2.027,41.1
마마1977, 원촌1리.창마(송천방면),571175.0,255.0,516.9,Detour_Model_2.027,12.3
마마2177, 부경산업 앞,571141.0,460.0,932.4,Detour_Model_2.027,22.2
마마2078, 보성리(봉수입구),571143.0,390.5,791.5,Detour_Model_2.027,18.8
마마2178, 보성농공단지입구건너,571190.0,501.2,1015.9,Detour_Model_2.027,24.2
마마1978, 청통초등학교건너,571145.0,129.2,261.9,Detour_Model_2.027,6.2
마마2079, 계지1리(계포방면),571111.0,551.5,1117.9,Detour_Model_2.027,26.6
마마2478, 우천2리(대각사건너),571245.0,209.3,424.3,Detour_Model_2.027,10.1
마마2378, 우천2리(제부골),571135.0,570.9,1157.2,Detour_Model_2.027,27.6
마마2278, 보성리(목성건너),571192.0,893.4,1810.9,Detour_Model_2.027,43.1
마마2379, 석촌(화산방면),570985.0,680.9,1380.2,Detour_Model_2.027,32.9
마마2479, 삼부삼거리(영천방면),571133.0,321.4,651.5,Detour_Model_2.027,15.5
마마2279, 올베이,571702.0,827.7,1677.7,Detour_Model_2.027,39.9
마마2380, LPG충전소,570986.0,179.5,363.8,Detour_Model_2.027,8.7
마마2480, 이배이(영천방면),571592.0,321.6,651.9,Detour_Model_2.027,15.5
마마2280, 올베이,571702.0,388.7,787.9,Detour_Model_2.027,18.8
마마2381, 당곡(당지방면),571600.0,354.2,718.0,Detour_Model_2.027,17.1
마마3762, 당1리(영천방면),571661.0,2130.8,4319.1,Detour_Model_2.027,102.8
마마3662, 상리(상리방면),571381.0,1698.4,3442.7,Detour_Model_2.027,82.0
마마3663, 당1리(영천방면),571661.0,1420.7,2879.8,Detour_Model_2.027,68.6
마마3764, 효리종점,571404.0,891.1,1806.3,Detour_Model_2.027,43.0
마마3664, 용계리.원당골(용계방면),571375.0,1042.4,2112.9,Detour_Model_2.027,50.3
마마3864, 효리(영천방면),571405.0,1061.5,2151.7,Detour_Model_2.027,51.2
마마3765, 효리(효리방면),571403.0,157.6,319.5,Detour_Model_2.027,7.6
마마3865, 효리경로당건너,571402.0,623.4,1263.6,Detour_Model_2.027,30.1
마마3665, 효리종점,571404.0,723.4,1466.3,Detour_Model_2.027,34.9
마마3766, 도계서원입구,571415.0,370.6,751.2,Detour_Model_2.027,17.9
마마3666, 신리(영천방면),571398.0,245.8,498.2,Detour_Model_2.027,11.9
마마3767, 도천1리(영천방면),571411.0,390.3,791.1,Detour_Model_2.027,18.8
마마3667, 도천1리(영광학교건너),571370.0,225.9,457.9,Detour_Model_2.027,10.9
마마3360, 상리(영천방면),571384.0,2040.3,4135.7,Detour_Model_2.027,98.5
마마3460, 상리(영천방면),571384.0,1755.9,3559.2,Detour_Model_2.027,84.7
마마2660, 조곡리,570648.0,1989.6,4032.9,Detour_Model_2.027,96.0
마마3061, 영지사,570667.0,563.4,1142.0,Detour_Model_2.027,27.2
마마2962, 용호포도밭(대창방면),570671.0,183.8,372.6,Detour_Model_2.027,8.9
마마2862, 신광1리(대창방면),570673.0,225.0,456.1,Detour_Model_2.027,10.9
마마3062, 영지사못밑(영지사방면),570665.0,459.6,931.6,Detour_Model_2.027,22.2
마마2863, 신광판넬공장(대창방면),570676.0,344.7,698.7,Detour_Model_2.027,16.6
마마3361, 상리(영천방면),571384.0,1545.4,3132.5,Detour_Model_2.027,74.6
마마3561, 상리(영천방면),571384.0,1122.9,2276.1,Detour_Model_2.027,54.2
마마3362, 상리(영천방면),571384.0,1118.8,2267.8,Detour_Model_2.027,54.0
마마3562, 상리회관,571383.0,809.7,1641.3,Detour_Model_2.027,39.1
마마3462, 상리(영천방면),571384.0,135.2,274.1,Detour_Model_2.027,6.5
마마3563, 당1리(영천방면),571661.0,545.5,1105.7,Detour_Model_2.027,26.3
마마3463, 당2리(상리방면),571385.0,228.2,462.6,Detour_Model_2.027,11.0
마마3464, 북리마을회관건너,570622.0,341.4,692.0,Detour_Model_2.027,16.5
마마3260, 영지사,570667.0,2332.2,4727.4,Detour_Model_2.027,112.6
마마3160, 영지사,570667.0,1113.7,2257.5,Detour_Model_2.027,53.8
마마3161, 영지사,570667.0,692.6,1403.9,Detour_Model_2.027,33.4
마마3261, 영지사,570667.0,1787.0,3622.2,Detour_Model_2.027,86.2
마마3163, 운천리.직천못밑(직천방면),570619.0,714.5,1448.3,Detour_Model_2.027,34.5
마마3263, 직천(대창방면),570629.0,583.5,1182.8,Detour_Model_2.027,28.2
마마3363, 북리(도유리방면),570626.0,190.1,385.3,Detour_Model_2.027,9.2
마마3164, 운천리.직천못밑(대창방면),570630.0,249.7,506.1,Detour_Model_2.027,12.0
마마2761, 신광1리(대창방면),570673.0,1493.6,3027.5,Detour_Model_2.027,72.1
마마2662, 조곡리,570648.0,408.5,828.0,Detour_Model_2.027,19.7
마마2562, 구지리,570714.0,373.4,756.9,Detour_Model_2.027,18.0
마마2762, 조곡리마을회관,570647.0,943.8,1913.1,Detour_Model_2.027,45.6
마마2663, 조곡4교(조곡방면),570646.0,240.3,487.1,Detour_Model_2.027,11.6
마마2563, 구지리,570714.0,628.0,1273.0,Detour_Model_2.027,30.3
마마2763, 조곡4교(대창방면),570650.0,288.0,583.8,Detour_Model_2.027,13.9
마마2764, 신광삼거리(영지사입구),570612.0,425.8,863.1,Detour_Model_2.027,20.6
마마2664, 대창초등학교,570653.0,340.8,690.8,Detour_Model_2.027,16.4
마마4671, 황수탕,570387.0,800.8,1623.2,Detour_Model_2.027,38.6
마마4672, 논실종점,571521.0,487.0,987.1,Detour_Model_2.027,23.5
마마4572, 덕정리(황수탕방면),570386.0,551.5,1117.9,Detour_Model_2.027,26.6
마마4673, 옛숫골(영천방면),571523.0,631.7,1280.5,Detour_Model_2.027,30.5
마마4573, 옛숫골(논실방면),571519.0,399.3,809.4,Detour_Model_2.027,19.3
마마2963, 나무와학교입구,570635.0,365.0,739.9,Detour_Model_2.027,17.6
마마3063, 운천보건진료소건너,570633.0,497.3,1008.0,Detour_Model_2.027,24.0
마마2964, 오길마을(대창방면),570642.0,20.2,40.9,Detour_Model_2.027,1.0
마마2864, 신광삼거리(영지사입구건너),570645.0,451.1,914.4,Detour_Model_2.027,21.8
마마3064, 용전리(대창방면),570632.0,425.5,862.5,Detour_Model_2.027,20.5
마마3065, 오길종점,570640.0,597.5,1211.1,Detour_Model_2.027,28.8
마마2965, 오길저수지건너,570641.0,386.9,784.2,Detour_Model_2.027,18.7
마마2866, 대곡종점,571297.0,718.7,1456.8,Detour_Model_2.027,34.7
마마3364, 북리(당리방면),570621.0,261.1,529.2,Detour_Model_2.027,12.6
마마3264, 직천리,570627.0,207.6,420.8,Detour_Model_2.027,10.0
마마3365, 도유리,571476.0,362.7,735.2,Detour_Model_2.027,17.5
마마3265, 직천리,570627.0,895.8,1815.8,Detour_Model_2.027,43.2
마마3165, 용전마을회관,571487.0,663.2,1344.3,Detour_Model_2.027,32.0
마마3166, 용수골,571755.0,817.9,1657.9,Detour_Model_2.027,39.5
마마3367, 유상2리마을회관,571349.0,1504.1,3048.8,Detour_Model_2.027,72.6
마마2564, 대창농장(구지방면),570713.0,222.2,450.4,Detour_Model_2.027,10.7
마마2765, 용화사입구,570677.0,496.8,1007.0,Detour_Model_2.027,24.0
마마2665, 대재리.마을회관건너,570655.0,205.3,416.1,Detour_Model_2.027,9.9
마마2565, 사리1리삼거리(사리방면),570692.0,381.5,773.3,Detour_Model_2.027,18.4
마마2566, 포척(대창방면),570605.0,218.8,443.5,Detour_Model_2.027,10.6
마마2766, 대운저수지삼거리(대재방면),570688.0,252.8,512.4,Detour_Model_2.027,12.2
마마2666, 병암리1(대재방면),570686.0,330.7,670.3,Detour_Model_2.027,16.0
마마2767, 호남리회관건너,570736.0,349.1,707.6,Detour_Model_2.027,16.8
마마2667, 병암리마을회관건너,570684.0,638.3,1293.8,Detour_Model_2.027,30.8
마마2567, 강회(금호방면),570722.0,103.0,208.8,Detour_Model_2.027,5.0
마마2867, 대곡1리.유곡마을(대곡방면),571295.0,337.2,683.5,Detour_Model_2.027,16.3
마마2967, 약남2리종점,571666.0,654.7,1327.1,Detour_Model_2.027,31.6
마마2968, 약남2리입구(영천방면),571664.0,380.7,771.7,Detour_Model_2.027,18.4
마마2868, 약남2리(대곡방면),571292.0,283.1,573.8,Detour_Model_2.027,13.7
마마2969, 구암리.가암새못밑(영천방면),571305.0,391.9,794.4,Detour_Model_2.027,18.9
마마2869, 구암2리(구암방면),571288.0,461.8,936.1,Detour_Model_2.027,22.3
마마3368, 유상2리마을회관,571349.0,534.7,1083.8,Detour_Model_2.027,25.8
마마3369, 유상2리입구(영천방면),571350.0,516.4,1046.7,Detour_Model_2.027,24.9
마마3269, 유상2리(유상방면),571347.0,451.2,914.6,Detour_Model_2.027,21.8
마마3270, 유상1리소나무(유상방면),571345.0,579.5,1174.6,Detour_Model_2.027,28.0
마마3370, 유상1리소나무(영천방면),571353.0,507.9,1029.5,Detour_Model_2.027,24.5
마마2668, 대성낚시터건너,710698.0,539.7,1094.0,Detour_Model_2.027,26.0
마마2568, 오계(금호방면),571671.0,144.1,292.1,Detour_Model_2.027,7.0
마마2768, 대승지못끝(금호방면),570741.0,183.1,371.1,Detour_Model_2.027,8.8
마마2669, 어은리경로당건너,570743.0,375.5,761.1,Detour_Model_2.027,18.1
마마2569, 금호오계공단입구건너,570598.0,374.2,758.5,Detour_Model_2.027,18.1
마마2670, 관정리(도동방면),571281.0,357.5,724.7,Detour_Model_2.027,17.3
마마2770, 황정리(도동방면),571282.0,417.0,845.3,Detour_Model_2.027,20.1
마마2570, 어은동 공장,571663.0,268.7,544.7,Detour_Model_2.027,13.0
마마2771, 봉죽2리,571569.0,123.5,250.3,Detour_Model_2.027,6.0
마마2970, 영천도축장 입구건너,571308.0,527.1,1068.4,Detour_Model_2.027,25.4
마마2870, 화랑설화마을 앞,571753.0,598.7,1213.6,Detour_Model_2.027,28.9
마마2871, 도동교(금호방면),571265.0,422.1,855.6,Detour_Model_2.027,20.4
마마3271, 유하동(유상방면),571343.0,403.9,818.7,Detour_Model_2.027,19.5
마마3371, 유하동(유상방면),571343.0,621.6,1260.0,Detour_Model_2.027,30.0
마마3272, 조암마을,571357.0,236.8,480.0,Detour_Model_2.027,11.4
마마3372, 송포2리입구(송포방면),571675.0,330.8,670.5,Detour_Model_2.027,16.0
마마3273, 범어동,571339.0,260.5,528.0,Detour_Model_2.027,12.6
마마2571, 냉천1리마을회관 건너,710687.0,485.3,983.7,Detour_Model_2.027,23.4
마마2671, 신월리입구(금호방면),571278.0,109.6,222.2,Detour_Model_2.027,5.3
마마2772, 봉죽1리,571570.0,477.9,968.7,Detour_Model_2.027,23.1
마마2572, KC피드,570120.0,340.2,689.6,Detour_Model_2.027,16.4
마마2672, 윤성아파트앞,570106.0,270.6,548.5,Detour_Model_2.027,13.1
마마2573, 석섬경로당,571221.0,25.1,50.9,Detour_Model_2.027,1.2
마마2673, 효사랑요양병원,570123.0,306.8,621.9,Detour_Model_2.027,14.8
마마2574, 대미2리(영천방면),571209.0,412.5,836.1,Detour_Model_2.027,19.9
마마3564, 용계리.새불(영천방면),571389.0,304.3,616.8,Detour_Model_2.027,14.7
마마3565, 들말(상리방면),571392.0,319.4,647.4,Detour_Model_2.027,15.4
마마3465, 명주마을(명주교회앞),571388.0,627.9,1272.8,Detour_Model_2.027,30.3
마마3566, 신대리(영천방면),571396.0,405.0,820.9,Detour_Model_2.027,19.5
마마3567, 옥천리(영천방면),571417.0,139.9,283.6,Detour_Model_2.027,6.8
마마3568, 고지1리.마야요양원(북안방면),571367.0,924.0,1872.9,Detour_Model_2.027,44.6
마마3469, 유상2리마을회관,571349.0,1321.2,2678.1,Detour_Model_2.027,63.8
마마3668, 고지1리(영천방면),571418.0,42.9,87.0,Detour_Model_2.027,2.1
마마3768, 만불사건너,571422.0,428.9,869.4,Detour_Model_2.027,20.7
마마3868, 만불사입구,571433.0,412.2,835.5,Detour_Model_2.027,19.9
마마3669, 고지주유소건너,571437.0,264.9,537.0,Detour_Model_2.027,12.8
마마3769, 고지2리(북안방면),571434.0,621.1,1259.0,Detour_Model_2.027,30.0
마마3869, 고지1리.마야요양원(영천방면),571419.0,411.3,833.7,Detour_Model_2.027,19.8
마마3670, 임포정류장 앞,571439.0,511.6,1037.0,Detour_Model_2.027,24.7
마마3770, 돌할배입구(신촌방면),571452.0,452.8,917.8,Detour_Model_2.027,21.9
마마3870, 구인사(북안방면),571651.0,199.6,404.6,Detour_Model_2.027,9.6
마마3671, 내포1반(영천방면),571455.0,66.9,135.6,Detour_Model_2.027,3.2
마마3969, 절골입구(북안방면),571655.0,615.5,1247.6,Detour_Model_2.027,29.7
마마4070, 신촌,571530.0,764.9,1550.5,Detour_Model_2.027,36.9
마마3970, 신촌,571530.0,60.4,122.4,Detour_Model_2.027,2.9
마마3569, 북안면사무소건너,571438.0,737.9,1495.7,Detour_Model_2.027,35.6
마마3470, 자포입구(영천방면),571461.0,1100.4,2230.5,Detour_Model_2.027,53.1
마마3570, 파라다이스모텔,571361.0,230.6,467.4,Detour_Model_2.027,11.1
마마3571, 반정3리(경반마을건너),571443.0,83.7,169.7,Detour_Model_2.027,4.0
마마3471, 반정1리(임포방면),571464.0,130.2,263.9,Detour_Model_2.027,6.3
마마3472, 반정1리입구마을,571541.0,643.8,1305.0,Detour_Model_2.027,31.1
마마3574, 거곡로.대성양달(영천방면),570214.0,450.8,913.8,Detour_Model_2.027,21.8
마마4172, 삼귀.용내기,570277.0,941.1,1907.6,Detour_Model_2.027,45.4
마마3972, 돌할매.관리,571449.0,388.5,787.5,Detour_Model_2.027,18.8
마마4173, 삼귀.용내기,570277.0,504.5,1022.6,Detour_Model_2.027,24.3
마마4073, 삼귀.용내기,570277.0,617.1,1250.9,Detour_Model_2.027,29.8
마마3771, 자포리.중포(영천방면),571450.0,27.2,55.1,Detour_Model_2.027,1.3
마마3871, 산왕각(돌할매방면),571656.0,823.4,1669.0,Detour_Model_2.027,39.7
마마3872, 돌할매입구(돌할매방면),571658.0,596.4,1208.9,Detour_Model_2.027,28.8
마마3672, 원당,571457.0,170.6,345.8,Detour_Model_2.027,8.2
마마3873, 오류종점,570195.0,813.5,1649.0,Detour_Model_2.027,39.3
마마3774, 태산골.오류리마을회관건너,570192.0,279.5,566.5,Detour_Model_2.027,13.5
마마3874, 오류종점,570195.0,274.3,556.0,Detour_Model_2.027,13.2
마마3674, 오류리.구태골(오류방면),570190.0,586.0,1187.8,Detour_Model_2.027,28.3
마마3775, 오류리.감상골(영천방면),570212.0,616.4,1249.4,Detour_Model_2.027,29.7
마마3675, 오류리.구태골(오류방면),570190.0,663.6,1345.1,Detour_Model_2.027,32.0
마마3676, 엔텍 앞,571643.0,772.3,1565.5,Detour_Model_2.027,37.3
마마3776, 고도2리(영천방면),571680.0,140.4,284.6,Detour_Model_2.027,6.8
마마3777, 용전2리경로당앞,570254.0,184.2,373.4,Detour_Model_2.027,8.9
마마3877, 용전2리.용강마을(용전방면),570253.0,360.4,730.5,Detour_Model_2.027,17.4
마마3677, 용전1리경로당앞,570257.0,465.2,943.0,Detour_Model_2.027,22.5
마마4174, 용내기다리(삼귀방면),571647.0,401.8,814.4,Detour_Model_2.027,19.4
마마3975, 부리마을,570252.0,816.4,1654.8,Detour_Model_2.027,39.4
마마4175, 삼귀.용내기(영천방면),570278.0,267.1,541.4,Detour_Model_2.027,12.9
마마4176, 삼귀.용내기입구(삼귀방면),570275.0,687.9,1394.4,Detour_Model_2.027,33.2
마마4076, 삼귀.용내기입구(삼귀방면),570275.0,843.7,1710.2,Detour_Model_2.027,40.7
마마3976, 부리마을,570252.0,312.8,634.0,Detour_Model_2.027,15.1
마마4077, 차당리마을회관건너,570274.0,425.9,863.3,Detour_Model_2.027,20.6
마마3977, 전사과수원창고(삼귀방면),570272.0,1198.9,2430.2,Detour_Model_2.027,57.9
마마4078, 전사과수원창고(삼귀방면),570272.0,216.9,439.7,Detour_Model_2.027,10.5
마마4277, 초일지,710690.0,440.6,893.1,Detour_Model_2.027,21.3
마마4377, 고경면덕암리(영천방면),570156.0,414.4,840.0,Detour_Model_2.027,20.0
마마4177, 초일염소농장(초일방면),571514.0,425.8,863.1,Detour_Model_2.027,20.6
마마4278, 석계리(안강방면),570152.0,557.3,1129.6,Detour_Model_2.027,26.9
마마4378, 고경면덕암리(안강방면),570153.0,420.2,851.7,Detour_Model_2.027,20.3
마마4279, 가수1리,570159.0,178.7,362.2,Detour_Model_2.027,8.6
마마4179, 고경초중교,570149.0,148.5,301.0,Detour_Model_2.027,7.2
마마4379, 생계.석계리경로당건너,570285.0,230.4,467.0,Detour_Model_2.027,11.1
마마4180, 고경초중교,570149.0,860.8,1744.8,Detour_Model_2.027,41.5
마마4372, 칠전저수지,570378.0,653.7,1325.0,Detour_Model_2.027,31.5
마마4273, 칠전저수지,570378.0,583.7,1183.2,Detour_Model_2.027,28.2
마마4773, 논실교회(영천방면),571522.0,1040.3,2108.7,Detour_Model_2.027,50.2
마마4373, 칠전(칠전방면),570377.0,251.5,509.8,Detour_Model_2.027,12.1
마마4473, 덕정리1(호국원방면),570389.0,356.5,722.6,Detour_Model_2.027,17.2
마마4474, 파계리(황수탕방면),570374.0,494.2,1001.7,Detour_Model_2.027,23.8
마마4475, 파계리마을회관건너,570395.0,861.9,1747.1,Detour_Model_2.027,41.6
마마4276, 초일마을,571515.0,707.6,1434.3,Detour_Model_2.027,34.2
마마4574, 파계리(황수탕방면),570374.0,527.7,1069.6,Detour_Model_2.027,25.5
마마4575, 파계저수지건너,570372.0,458.8,930.0,Detour_Model_2.027,22.1
마마4576, 파계저수지,570396.0,511.4,1036.6,Detour_Model_2.027,24.7
마마4577, 국립영천호국원,570371.0,574.4,1164.3,Detour_Model_2.027,27.7
마마4477, 청정2리(고경방면),570398.0,154.2,312.6,Detour_Model_2.027,7.4
마마4578, 청정1리(안강방면),570154.0,513.5,1040.9,Detour_Model_2.027,24.8
마마4478, 청정1리(안강방면),570154.0,566.4,1148.1,Detour_Model_2.027,27.3
마마4479, 고경박물관(구.석계초등학교)건너,570286.0,628.9,1274.8,Detour_Model_2.027,30.4
마마4480, 삼포리.월성(영천방면),570303.0,225.3,456.7,Detour_Model_2.027,10.9
마마4481, 삼포리.삼계(영천방면),570301.0,515.0,1043.9,Detour_Model_2.027,24.9
마마4780, 오룡2리마을회관앞,570296.0,663.2,1344.3,Detour_Model_2.027,32.0
마마4781, 오룡2리(누에치는마을),570295.0,131.1,265.7,Detour_Model_2.027,6.3
마마4581, 삼포리.삼계(오룡방면),570289.0,530.8,1075.9,Detour_Model_2.027,25.6
마마4681, 누에체험학습관앞,570297.0,81.4,165.0,Detour_Model_2.027,3.9
마마4482, 삼포리.삼계(오룡방면),570289.0,971.1,1968.4,Detour_Model_2.027,46.9
마마4582, 당나무앞(영천방면),571681.0,211.7,429.1,Detour_Model_2.027,10.2
마마4682, 오룡1리.미룡(영천방면),570298.0,635.3,1287.8,Detour_Model_2.027,30.7
마마4683, 삼포리.수흥(영천방면),570299.0,1353.6,2743.7,Detour_Model_2.027,65.3
마마4484, 수성1리.하구만(수성방면),570333.0,1037.1,2102.2,Detour_Model_2.027,50.1
마마4784, 수성2리(원기),570339.0,955.4,1936.6,Detour_Model_2.027,46.1
마마1476, 은해사(종점),571165.0,2791.1,5657.6,Detour_Model_2.027,134.7
마마1676, 은해사(종점),571165.0,1056.3,2141.1,Detour_Model_2.027,51.0
마마1677, 은해사(종점),571165.0,718.1,1455.6,Detour_Model_2.027,34.7
마마1277, 안신원(거조암방면),571080.0,3467.8,7029.2,Detour_Model_2.027,167.4
마마1678, 애련1종점,571153.0,606.5,1229.4,Detour_Model_2.027,29.3
마마1478, 애련동회관건너,571155.0,2047.6,4150.5,Detour_Model_2.027,98.8
마마1579, 애련동회관건너,571155.0,1017.8,2063.1,Detour_Model_2.027,49.1
마마1679, 애련동회관건너,571155.0,373.4,756.9,Detour_Model_2.027,18.0
마마1580, 신원과수원(영천방면),571084.0,378.9,768.0,Detour_Model_2.027,18.3
마마1680, 문산지,571085.0,300.2,608.5,Detour_Model_2.027,14.5
마마1480, 안신원(영천방면),571082.0,379.8,769.9,Detour_Model_2.027,18.3
마마1581, 이티존(신녕방향),571689.0,245.9,498.4,Detour_Model_2.027,11.9
마마1379, 안신원(거조암방면),571080.0,1664.8,3374.5,Detour_Model_2.027,80.3
마마1380, 신원리.거조암,571081.0,874.6,1772.8,Detour_Model_2.027,42.2
마마0983, 치산리,571063.0,833.6,1689.7,Detour_Model_2.027,40.2
마마2179, 계지1리(계포방면),571111.0,1368.8,2774.6,Detour_Model_2.027,66.1
마마1979, 계지1리(계지방면),571110.0,427.5,866.5,Detour_Model_2.027,20.6
마마1980, 계지1리(계지방면),571110.0,658.3,1334.4,Detour_Model_2.027,31.8
마마2080, 계지1리(계포방면),571111.0,599.5,1215.2,Detour_Model_2.027,28.9
마마2180, 유성,571124.0,484.9,982.9,Detour_Model_2.027,23.4
마마1981, 화산면덕암리(화산방면),570995.0,292.7,593.3,Detour_Model_2.027,14.1
마마2181, 굴견마을,571729.0,105.9,214.7,Detour_Model_2.027,5.1
마마2081, 용평(영천방면),571123.0,319.6,647.8,Detour_Model_2.027,15.4
마마1982, 화덕초등학교건너,570913.0,510.3,1034.4,Detour_Model_2.027,24.6
마마2182, 연계리마을회관,571697.0,544.0,1102.7,Detour_Model_2.027,26.3
마마1780, 계지2리마을회관(거조암방향),571094.0,197.8,400.9,Detour_Model_2.027,9.5
마마1880, 계지2리.무연골(신녕방면),571114.0,644.8,1307.0,Detour_Model_2.027,31.1
마마1881, 대안2리(영천방면),571119.0,199.9,405.2,Detour_Model_2.027,9.6
마마1781, 양계장입구,571688.0,654.9,1327.5,Detour_Model_2.027,31.6
마마1882, 신덕2리(주유소앞),570998.0,627.4,1271.7,Detour_Model_2.027,30.3
마마1782, 신녕면신덕리(청통방면),571103.0,243.5,493.6,Detour_Model_2.027,11.8
마마1783, 연정2리(연정방면),571007.0,797.9,1617.3,Detour_Model_2.027,38.5
마마1784, 연정2리(신녕방면),571012.0,474.9,962.6,Detour_Model_2.027,22.9
마마1884, 연정입구(연정방면),571008.0,139.8,283.4,Detour_Model_2.027,6.7
마마2281, 유성1리입구(정자),571694.0,72.9,147.8,Detour_Model_2.027,3.5
마마2481, 이배이(당지방면),571593.0,709.2,1437.5,Detour_Model_2.027,34.2
마마2282, 유성1리입구(정자),571733.0,1036.7,2101.4,Detour_Model_2.027,50.0
마마2382, 가상리(영천방면),570929.0,1187.8,2407.7,Detour_Model_2.027,57.3
마마2482, 가상리창고건너,570930.0,502.3,1018.2,Detour_Model_2.027,24.2
마마2383, 화산2리(당지방면),570899.0,611.6,1239.7,Detour_Model_2.027,29.5
마마2283, 화산1리.곽산마을(당지방면),571687.0,833.4,1689.3,Detour_Model_2.027,40.2
마마2483, 가상리(당지방면),570961.0,237.7,481.8,Detour_Model_2.027,11.5
마마2384, 화산1리.곽산마을(영천방면),570926.0,291.8,591.5,Detour_Model_2.027,14.1
마마2484, 귀호2리(마을회관),570963.0,363.5,736.8,Detour_Model_2.027,17.5
마마2082, 화덕초등학교,570915.0,446.6,905.3,Detour_Model_2.027,21.6
마마1983, 효정2리(영천방면),570911.0,410.4,831.9,Detour_Model_2.027,19.8
마마2183, 화산1리.화촌입구(화촌방면),570925.0,1130.5,2291.5,Detour_Model_2.027,54.6
마마2083, 효정2리(당지방면),570917.0,553.0,1120.9,Detour_Model_2.027,26.7
마마1984, 효정1리(당지방면),570918.0,737.0,1493.9,Detour_Model_2.027,35.6
마마2184, 화촌저수지,571596.0,208.3,422.2,Detour_Model_2.027,10.1
마마2084, 효정1리(영천방면),570910.0,447.6,907.3,Detour_Model_2.027,21.6
마마2085, 당지1리마을회관건너,570923.0,162.1,328.6,Detour_Model_2.027,7.8
마마2185, 화촌.마을회관,570903.0,578.9,1173.4,Detour_Model_2.027,27.9
마마2284, 화산1리.곽산마을(당지방면),571687.0,263.0,533.1,Detour_Model_2.027,12.7
마마2385, 평갓뭇(영천방면),571635.0,289.3,586.4,Detour_Model_2.027,14.0
마마2485, 화남면사무소,570894.0,595.6,1207.3,Detour_Model_2.027,28.7
마마2285, 화촌.마을회관,570903.0,458.8,930.0,Detour_Model_2.027,22.1
마마2486, 한천입구건너,570890.0,905.7,1835.9,Detour_Model_2.027,43.7
마마2286, 귀호1리마을회관,570895.0,1047.6,2123.5,Detour_Model_2.027,50.6
마마2386, 귀호1리마을회관,570895.0,474.3,961.4,Detour_Model_2.027,22.9
마마2387, 귀호1리마을회관,570895.0,1471.4,2982.5,Detour_Model_2.027,71.0
마마1885, 연정입구(신녕방면),571010.0,747.6,1515.4,Detour_Model_2.027,36.1
마마1786, 연정입구(신녕방면),571010.0,1968.1,3989.3,Detour_Model_2.027,95.0
마마2086, 당지1리마을회관건너,570923.0,1082.4,2194.0,Detour_Model_2.027,52.2
마마1987, 당지리,570922.0,416.3,843.8,Detour_Model_2.027,20.1
마마2087, 당지리,570922.0,607.0,1230.4,Detour_Model_2.027,29.3
마마2188, 온천리,570878.0,480.2,973.4,Detour_Model_2.027,23.2
마마2088, 당지리,570922.0,1074.8,2178.6,Detour_Model_2.027,51.9
마마2089, 온천리,570878.0,1678.0,3401.3,Detour_Model_2.027,81.0
마마2288, 온천리회관건너,570879.0,292.1,592.1,Detour_Model_2.027,14.1
마마2388, 안천3리.온천(온천방면),570862.0,617.5,1251.7,Detour_Model_2.027,29.8
마마2488, 안천(안천교건너),570859.0,253.1,513.0,Detour_Model_2.027,12.2
마마2389, 안천3리.온천(온천방면),570862.0,694.5,1407.8,Detour_Model_2.027,33.5
마마2289, 구전리(신전방면),570865.0,421.9,855.2,Detour_Model_2.027,20.4
마마2489, 안천3리.신안(화남방면),570883.0,598.9,1214.0,Detour_Model_2.027,28.9
마마2390, 양수장 건너(월곡방면),570868.0,206.0,417.6,Detour_Model_2.027,9.9
마마2290, 구전리.별곡(신전방면),570866.0,302.8,613.8,Detour_Model_2.027,14.6
마마2490, 월곡리,570870.0,234.5,475.3,Detour_Model_2.027,11.3
마마2491, 월곡리,570870.0,1170.0,2371.6,Detour_Model_2.027,56.5
마마1989, 당지리,570922.0,1935.7,3923.7,Detour_Model_2.027,93.4
마마2190, 구전리.별곡(화남방면),570874.0,1224.4,2481.9,Detour_Model_2.027,59.1
마마1681, 신녕면신덕리(신녕방면),571116.0,332.0,673.0,Detour_Model_2.027,16.0
마마1481, 신원리.거조암,571081.0,554.7,1124.4,Detour_Model_2.027,26.8
마마1582, 신녕대백마트 건너,571586.0,794.8,1611.1,Detour_Model_2.027,38.4
마마1482, 왕산리(치산방향),571050.0,1180.6,2393.1,Detour_Model_2.027,57.0
마마1682, 신녕역앞,571102.0,261.0,529.0,Detour_Model_2.027,12.6
마마1583, 신녕중.경북식품과학마이스터고,571073.0,209.3,424.3,Detour_Model_2.027,10.1
마마1483, 신녕중.경북식품과학마이스터고건너,571049.0,1023.0,2073.6,Detour_Model_2.027,49.4
마마1683, 신녕버스터미널앞,571003.0,404.5,819.9,Detour_Model_2.027,19.5
마마1484, 화남3리경로당건너,571014.0,1043.0,2114.2,Detour_Model_2.027,50.3
마마1584, 신녕중.경북식품과학마이스터고건너,571049.0,771.4,1563.6,Detour_Model_2.027,37.2
마마1381, 신원리.거조암,571081.0,824.0,1670.2,Detour_Model_2.027,39.8
마마1382, 왕산리(치산방향),571050.0,391.2,793.0,Detour_Model_2.027,18.9
마마1282, 왕산리(치산방향),571050.0,955.2,1936.2,Detour_Model_2.027,46.1
마마1284, 칠밭골,571072.0,780.8,1582.7,Detour_Model_2.027,37.7
마마0984, 치산리,571063.0,326.5,661.8,Detour_Model_2.027,15.8
마마0884, 치산리,571063.0,576.0,1167.6,Detour_Model_2.027,27.8
마마0885, 치산2리.귀천서원건너,571061.0,744.5,1509.1,Detour_Model_2.027,35.9
마마0985, 치산2리(치산방면),571060.0,343.9,697.1,Detour_Model_2.027,16.6
마마1085, 부산2리,571068.0,495.9,1005.2,Detour_Model_2.027,23.9
마마0986, 치산3리(부계방면),571488.0,324.1,657.0,Detour_Model_2.027,15.6
마마1086, 치산2리.귀천서원입구,571065.0,245.3,497.2,Detour_Model_2.027,11.8
마마0886, 치산3리(부계방면),571488.0,848.2,1719.3,Detour_Model_2.027,40.9
마마1684, 신녕면사무소,571006.0,606.9,1230.2,Detour_Model_2.027,29.3
마마1485, 화남3리경로당건너,571014.0,767.1,1554.9,Detour_Model_2.027,37.0
마마1585, 화남1리(삼산방면),571019.0,172.9,350.5,Detour_Model_2.027,8.3
마마1685, 화남2리(신녕방면),571043.0,785.5,1592.2,Detour_Model_2.027,37.9
마마1686, 화남2리(신녕방면),571043.0,1275.5,2585.4,Detour_Model_2.027,61.6
마마1586, 화남1리(삼산방면),571019.0,1026.2,2080.1,Detour_Model_2.027,49.5
마마1486, 화남3리(삼산방면),571015.0,548.9,1112.6,Detour_Model_2.027,26.5
마마1384, 부산1리(신녕방면),571070.0,884.8,1793.5,Detour_Model_2.027,42.7
마마1285, 부산1리(치산방향),571052.0,235.7,477.8,Detour_Model_2.027,11.4
마마1185, 부산2리.새터(신녕방면),571069.0,270.8,548.9,Detour_Model_2.027,13.1
마마1385, 부산1리(신녕방면),571070.0,379.5,769.2,Detour_Model_2.027,18.3
마마1286, 부산2리.경로당건너,571054.0,1074.6,2178.2,Detour_Model_2.027,51.9
마마1386, 화남2리(삼산방면),571018.0,255.4,517.7,Detour_Model_2.027,12.3
마마1186, 부산2리.경로당건너,571054.0,94.6,191.8,Detour_Model_2.027,4.6
마마1387, 권응수장군유적지,571041.0,76.9,155.9,Detour_Model_2.027,3.7
마마1187, 도근지,571037.0,297.2,602.4,Detour_Model_2.027,14.3
마마1087, 도근지건너,571038.0,324.2,657.2,Detour_Model_2.027,15.6
마마1088, 도근리입구,571036.0,169.5,343.6,Detour_Model_2.027,8.2
마마1089, 화서리(신녕방면),571035.0,308.2,624.7,Detour_Model_2.027,14.9
마마1488, 권응수장군유적지,571041.0,1456.2,2951.7,Detour_Model_2.027,70.3
마마1489, 권응수장군유적지,571041.0,2110.1,4277.2,Detour_Model_2.027,101.8
마마1188, 둔지건너,571020.0,284.8,577.3,Detour_Model_2.027,13.7
마마1288, 둔지,571040.0,772.7,1566.3,Detour_Model_2.027,37.3
마마1290, 둔지,571040.0,1748.8,3544.8,Detour_Model_2.027,84.4
마마1390, 둔지,571040.0,2513.4,5094.7,Detour_Model_2.027,121.3
마마2291, 신전(용계방면),571503.0,392.0,794.6,Detour_Model_2.027,18.9
마마2292, 솔명못앞,571507.0,1077.8,2184.7,Detour_Model_2.027,52.0
마마2493, 용계리,571504.0,376.8,763.8,Detour_Model_2.027,18.2
마마2393, 솔명못건너,571506.0,620.5,1257.8,Detour_Model_2.027,29.9
마마2295, 솔명못건너,571506.0,2362.6,4789.0,Detour_Model_2.027,114.0
마마3474, 대성리경로당건너,570215.0,692.5,1403.7,Detour_Model_2.027,33.4
마마3475, 서은사.새각단(오류방면),570186.0,191.0,387.2,Detour_Model_2.027,9.2
마마3575, 거곡로.대성양달(영천방면),570214.0,559.1,1133.3,Detour_Model_2.027,27.0
마마3375, 대의리회관앞,570219.0,397.3,805.3,Detour_Model_2.027,19.2
마마3376, 단포초등학교건너,570133.0,335.3,679.7,Detour_Model_2.027,16.2
마마3576, 고도리.민도경로당,570204.0,395.3,801.3,Detour_Model_2.027,19.1
마마3477, 3사관학교(정문)건너,570136.0,255.4,517.7,Detour_Model_2.027,12.3
마마3577, 고도1리경로당건너,570201.0,177.9,360.6,Detour_Model_2.027,8.6
마마3377, 창하리.창방우(영천방면),570242.0,113.2,229.5,Detour_Model_2.027,5.5
마마2575, 대미2리(영천방면),571209.0,1154.0,2339.2,Detour_Model_2.027,55.7
마마3278, 동산(임고방면),571615.0,319.8,648.2,Detour_Model_2.027,15.4
마마3279, 매호2리.맘실(영천방면),570534.0,79.7,161.6,Detour_Model_2.027,3.8
마마3179, 신기동 마을회관,571578.0,649.6,1316.7,Detour_Model_2.027,31.4
마마3280, 양항리.돌목(임고방면),570310.0,355.0,719.6,Detour_Model_2.027,17.1
마마3180, 양항리.돌목(영천방면),570368.0,1250.1,2534.0,Detour_Model_2.027,60.3
마마3378, 창상마을회관건너,570238.0,384.0,778.4,Detour_Model_2.027,18.5
마마3578, 도암1리.도암교회건너,570140.0,159.6,323.5,Detour_Model_2.027,7.7
마마3478, 창상리(영천방면),570237.0,573.2,1161.9,Detour_Model_2.027,27.7
마마3479, 포은실버타운 건너,571625.0,382.9,776.1,Detour_Model_2.027,18.5
마마3379, 포은실버타운 앞,571626.0,624.0,1264.8,Detour_Model_2.027,30.1
마마3579, 도암리.땀봉(영천방면),570170.0,886.4,1796.7,Detour_Model_2.027,42.8
마마3580, 고천(우항방면),570233.0,190.2,385.5,Detour_Model_2.027,9.2
마마3480, 우항.석연정건너,570230.0,319.4,647.4,Detour_Model_2.027,15.4
마마3380, 우항.굽들(우항방면),570234.0,350.3,710.1,Detour_Model_2.027,16.9
마마3581, 황강공단(수성방면),570316.0,812.9,1647.7,Detour_Model_2.027,39.2
마마2578, 호당2리입구,570981.0,124.9,253.2,Detour_Model_2.027,6.0
마마2678, 호당2리입구건너,571246.0,804.4,1630.5,Detour_Model_2.027,38.8
마마2579, 삼부리(주유소앞),570983.0,744.7,1509.5,Detour_Model_2.027,35.9
마마2580, 암기(당지방면),570956.0,353.2,715.9,Detour_Model_2.027,17.0
마마3281, 임고면사무소,570533.0,359.3,728.3,Detour_Model_2.027,17.3
마마3282, 선원2리,571747.0,352.6,714.7,Detour_Model_2.027,17.0
마마3083, 신호2리(영천방면),570559.0,334.8,678.6,Detour_Model_2.027,16.2
마마3183, 도림2동(영천방면),570583.0,831.6,1685.7,Detour_Model_2.027,40.1
마마3283, 선원2리.선정사입구,571745.0,224.1,454.3,Detour_Model_2.027,10.8
마마3084, 죽곡1리마을회관건너,570552.0,122.5,248.3,Detour_Model_2.027,5.9
마마3184, 죽곡1리삼거리(죽곡방면),570554.0,639.2,1295.7,Detour_Model_2.027,30.8
마마3481, 양평리.돌빼기(임고방면),570364.0,453.2,918.6,Detour_Model_2.027,21.9
마마3381, 양평2리마을회관,571740.0,67.1,136.0,Detour_Model_2.027,3.2
마마3582, 효1리(수성방면),570317.0,129.9,263.3,Detour_Model_2.027,6.3
마마3482, 황강리(임고방면),570363.0,524.2,1062.6,Detour_Model_2.027,25.3
마마3382, 주식회사 명산,571739.0,200.9,407.2,Detour_Model_2.027,9.7
마마3383, 평천리다산마을(농산물집하장),571547.0,138.2,280.1,Detour_Model_2.027,6.7
마마3583, 효1리마을회관앞,570360.0,794.6,1610.7,Detour_Model_2.027,38.4
마마3483, 평천2리,571548.0,166.5,337.5,Detour_Model_2.027,8.0
마마3584, 삼매1리(자양방면),570406.0,554.9,1124.8,Detour_Model_2.027,26.8
마마3484, 덕연리창고앞(임고방면),570511.0,122.8,248.9,Detour_Model_2.027,5.9
마마2581, 모산(당지방면),570958.0,595.6,1207.3,Detour_Model_2.027,28.7
마마2582, 독조골(당지방면),571584.0,230.9,468.0,Detour_Model_2.027,11.1
마마2682, 대천2리(영천방면),570577.0,1061.7,2152.1,Detour_Model_2.027,51.2
마마2583, 선천2리.화동(영천방면),570575.0,840.2,1703.1,Detour_Model_2.027,40.6
마마2683, 대성사입구건너,570576.0,320.3,649.2,Detour_Model_2.027,15.5
마마2783, 대천리(노방방면),571601.0,196.7,398.7,Detour_Model_2.027,9.5
마마2584, 선천3리.유천(화남방면),570571.0,273.7,554.8,Detour_Model_2.027,13.2
마마2684, 선천2리.화동(화남방면),570568.0,589.1,1194.1,Detour_Model_2.027,28.4
마마3778, 삼사낚시터앞,570255.0,832.2,1686.9,Detour_Model_2.027,40.2
마마3878, 해선리(88찜질방),570145.0,895.3,1814.8,Detour_Model_2.027,43.2
마마3678, 서원농원건너,570245.0,520.2,1054.4,Detour_Model_2.027,25.1
마마3879, 해선리(88찜질방),570145.0,202.8,411.1,Detour_Model_2.027,9.8
마마3779, 상리공단,570167.0,315.4,639.3,Detour_Model_2.027,15.2
마마3679, 도암2리(영남건설기술교육원),570169.0,265.8,538.8,Detour_Model_2.027,12.8
마마3680, 도암1리.도암교회,570171.0,465.9,944.4,Detour_Model_2.027,22.5
마마3880, 상리리.새마을(학리방면),570268.0,116.7,236.6,Detour_Model_2.027,5.6
마마3978, 전사사격장(삼귀방면),571649.0,570.0,1155.4,Detour_Model_2.027,27.5
마마3979, 고경정류장,570146.0,174.4,353.5,Detour_Model_2.027,8.4
마마4079, 전사1리(용태철망앞),570283.0,580.4,1176.5,Detour_Model_2.027,28.0
마마3980, 배골리주택앞(학리방면),570262.0,490.8,994.9,Detour_Model_2.027,23.7
마마4080, 학리삼거리(학리방면),570263.0,1117.9,2266.0,Detour_Model_2.027,54.0
마마3981, 학리삼거리(영천방면),570265.0,241.3,489.1,Detour_Model_2.027,11.6
마마4280, 가수1리,570159.0,1016.2,2059.8,Detour_Model_2.027,49.0
마마4182, 착골(우봉골방면),571543.0,545.1,1104.9,Detour_Model_2.027,26.3
마마4282, 우봉골,571544.0,385.7,781.8,Detour_Model_2.027,18.6
마마4283, 사2리.감나무골(수성방면),570332.0,717.0,1453.4,Detour_Model_2.027,34.6
마마4383, 사2리.감나무골(임고방면),570346.0,1119.7,2269.6,Detour_Model_2.027,54.0
마마3881, 배골리우사앞(학리방면),570261.0,789.8,1600.9,Detour_Model_2.027,38.1
마마3682, 효리(골프장입구),570359.0,298.6,605.3,Detour_Model_2.027,14.4
마마3783, 금대리과수원(임고방면),571618.0,454.1,920.5,Detour_Model_2.027,21.9
마마3683, 효2리(임고방면),570358.0,221.2,448.4,Detour_Model_2.027,10.7
마마3784, 금대리새터(수성방면),570322.0,333.5,676.0,Detour_Model_2.027,16.1
마마3684, 삼매3리(벌바위입구건너),570407.0,919.3,1863.4,Detour_Model_2.027,44.4
마마4183, 착골(영천방면),571545.0,445.2,902.4,Detour_Model_2.027,21.5
마마4284, 사2리회관,570331.0,116.5,236.1,Detour_Model_2.027,5.6
마마4184, 사동건강원(임고방면),571629.0,279.7,567.0,Detour_Model_2.027,13.5
마마4385, 수성1리.하구만(수성방면),570333.0,425.4,862.3,Detour_Model_2.027,20.5
마마4186, 신방1리.골안(신방방면),571613.0,377.8,765.8,Detour_Model_2.027,18.2
마마4286, 신방2리.장구밭(임고방면),571511.0,401.7,814.2,Detour_Model_2.027,19.4
마마4083, 당곡지(우봉골방면),710693.0,187.2,379.5,Detour_Model_2.027,9.0
마마3984, 사1리노인정,570327.0,293.5,594.9,Detour_Model_2.027,14.2
마마4084, 대덕사,570350.0,230.7,467.6,Detour_Model_2.027,11.1
마마3985, 고속도로쉼터(임고방면),570353.0,943.7,1912.9,Detour_Model_2.027,45.5
마마4086, 신방1리.신천(신방방면),570501.0,429.4,870.4,Detour_Model_2.027,20.7
마마3986, 노항리.관악사입구,571683.0,363.5,736.8,Detour_Model_2.027,17.5
마마3987, 노항리.관악사입구건너,570506.0,1099.9,2229.5,Detour_Model_2.027,53.1
마마3884, 고속도로쉼터(임고방면),570353.0,550.1,1115.1,Detour_Model_2.027,26.6
마마3685, 임고저수장건너,570497.0,201.7,408.8,Detour_Model_2.027,9.7
마마3885, 고속도로쉼터(수성방면),570325.0,491.5,996.3,Detour_Model_2.027,23.7
마마3886, 노항리(신방방면),570499.0,14.5,29.4,Detour_Model_2.027,0.7
마마3787, 망향공원 건너,570490.0,402.2,815.3,Detour_Model_2.027,19.4
마마3687, 석류농원(임고방면),570492.0,288.7,585.2,Detour_Model_2.027,13.9
마마4188, 중삼귀(삼귀방면),570479.0,127.4,258.2,Detour_Model_2.027,6.1
마마3988, 자양면삼귀리입구(임고방면),570485.0,211.2,428.1,Detour_Model_2.027,10.2
마마4088, 하삼귀(임고방면),570483.0,255.5,517.9,Detour_Model_2.027,12.3
마마4190, 군평마을(임고방면),570475.0,445.6,903.2,Detour_Model_2.027,21.5
마마4191, 하방촌(화북방면),570428.0,368.6,747.2,Detour_Model_2.027,17.8
마마3688, 자양면사무소,570491.0,632.3,1281.7,Detour_Model_2.027,30.5
마마3788, 장승앞(자양방면),570412.0,443.2,898.4,Detour_Model_2.027,21.4
마마3888, 붕어횟집,570486.0,209.8,425.3,Detour_Model_2.027,10.1
마마3889, 용산리,571508.0,489.5,992.2,Detour_Model_2.027,23.6
마마3890, 일견횟집건너,570417.0,1253.7,2541.2,Detour_Model_2.027,60.5
마마3793, 보현3리(자양방면),570464.0,1177.3,2386.4,Detour_Model_2.027,56.8
마마3693, 보현4리.탑전(자양방면),570463.0,1065.9,2160.6,Detour_Model_2.027,51.4
마마3893, 보현1리.보현초건너,570469.0,643.5,1304.4,Detour_Model_2.027,31.1
마마3794, 보현3리(화북방면),570439.0,378.5,767.2,Detour_Model_2.027,18.3
마마3694, 보현4리.탑전(자양방면),570463.0,101.2,205.1,Detour_Model_2.027,4.9
마마2982, 신호1리(죽곡방면),570549.0,430.1,871.8,Detour_Model_2.027,20.8
마마2882, 매산1동(영천방면),570582.0,341.3,691.8,Detour_Model_2.027,16.5
마마2983, 대내실식당(죽곡방면),570550.0,174.4,353.5,Detour_Model_2.027,8.4
마마2883, 화남분교,570564.0,741.8,1503.6,Detour_Model_2.027,35.8
마마2884, 노방종점,570968.0,984.1,1994.8,Detour_Model_2.027,47.5
마마2984, 신호2리(죽곡방면),570551.0,619.7,1256.1,Detour_Model_2.027,29.9
마마2985, 신호2리(죽곡방면),570551.0,1457.9,2955.2,Detour_Model_2.027,70.4
마마2885, 노방종점,570968.0,735.3,1490.5,Detour_Model_2.027,35.5
마마2886, 금호2리.내지(화북방면),570778.0,1094.9,2219.4,Detour_Model_2.027,52.8
마마3284, 간촌,570529.0,613.7,1244.0,Detour_Model_2.027,29.6
마마3185, 죽곡2리경로당,570555.0,742.8,1505.7,Detour_Model_2.027,35.8
마마3085, 죽곡1리삼거리(죽곡방면),570554.0,778.1,1577.2,Detour_Model_2.027,37.6
마마3186, 죽곡2리경로당,570555.0,294.4,596.7,Detour_Model_2.027,14.2
마마3287, 삼매리(매곡),570517.0,439.9,891.7,Detour_Model_2.027,21.2
마마3384, 현묘사입구,570531.0,220.0,445.9,Detour_Model_2.027,10.6
마마3585, 삼매1리(임고방면),570510.0,523.6,1061.3,Detour_Model_2.027,25.3
마마3385, 덕연,570532.0,229.0,464.2,Detour_Model_2.027,11.1
마마3485, 삼매1리경로당앞,570514.0,385.9,782.2,Detour_Model_2.027,18.6
마마3386, 삼매정자마을(임고방면),570519.0,426.5,864.5,Detour_Model_2.027,20.6
마마3486, 삼매1리경로당건너,570520.0,720.6,1460.7,Detour_Model_2.027,34.8
마마3387, 매곡입구(매곡방면),570516.0,574.5,1164.5,Detour_Model_2.027,27.7
마마2784, 노방(노방방면),571597.0,89.8,182.0,Detour_Model_2.027,4.3
마마2785, 노방종점,570968.0,431.3,874.2,Detour_Model_2.027,20.8
마마2585, 화남농협,570893.0,196.6,398.5,Detour_Model_2.027,9.5
마마2686, 영천전자고등학교앞,570853.0,362.2,734.2,Detour_Model_2.027,17.5
마마2586, 삼창교회앞,570854.0,300.0,608.1,Detour_Model_2.027,14.5
마마2687, 금호2리.내지(화남방면),570851.0,224.3,454.7,Detour_Model_2.027,10.8
마마2587, 은행나무집건너,570888.0,171.7,348.0,Detour_Model_2.027,8.3
마마2787, 상내지(공덕방면),570780.0,178.8,362.4,Detour_Model_2.027,8.6
마마2987, 오공길(영천방면),570791.0,987.6,2001.9,Detour_Model_2.027,47.7
마마2887, 오산마을회관,570793.0,488.9,991.0,Detour_Model_2.027,23.6
마마2888, 월지(영천방면),570792.0,448.1,908.3,Detour_Model_2.027,21.6
마마2988, 운산리마을회관건너,570790.0,269.2,545.7,Detour_Model_2.027,13.0
마마2989, 공덕리.대왕입구,570789.0,626.8,1270.5,Detour_Model_2.027,30.2
마마2890, 자천1리(화북방면),571686.0,870.3,1764.1,Detour_Model_2.027,42.0
마마3091, 횡계리(화북방면),570454.0,325.0,658.8,Detour_Model_2.027,15.7
마마2688, 오산교(화남방면),570850.0,420.2,851.7,Detour_Model_2.027,20.3
마마2588, 안천리(능계),570884.0,417.4,846.1,Detour_Model_2.027,20.1
마마2788, 오산교(화북방면),570779.0,559.5,1134.1,Detour_Model_2.027,27.0
마마2589, 덕산지골(월곡방면),710695.0,100.5,203.7,Detour_Model_2.027,4.8
마마2689, 오동리(화남방면),570849.0,708.5,1436.1,Detour_Model_2.027,34.2
마마2789, 오동리(화남방면),570849.0,802.1,1625.9,Detour_Model_2.027,38.7
마마2590, 월곡2리,571551.0,120.3,243.8,Detour_Model_2.027,5.8
마마2690, 자천숲(화남방면),570848.0,652.9,1323.4,Detour_Model_2.027,31.5
마마2790, 자천숲(화북방면),570798.0,244.9,496.4,Detour_Model_2.027,11.8
마마2791, 자천정류소,570844.0,270.9,549.1,Detour_Model_2.027,13.1
마마3288, 죽곡1리삼거리(영천방면),570556.0,811.4,1644.7,Detour_Model_2.027,39.2
마마3189, 공덕리,570788.0,1273.1,2580.6,Detour_Model_2.027,61.4
마마3089, 공덕리,570788.0,410.2,831.5,Detour_Model_2.027,19.8
마마3090, 횡계리(화북방면),570454.0,1302.7,2640.6,Detour_Model_2.027,62.9
마마3588, 용화(용화방면),571609.0,540.5,1095.6,Detour_Model_2.027,26.1
마마3589, 용화리.마을회관,570494.0,657.7,1333.2,Detour_Model_2.027,31.7
마마3392, 정각2리.양지마을(천문대방면),570457.0,662.2,1342.3,Detour_Model_2.027,32.0
마마3493, 정각2리.음지(천문대방면),570459.0,455.4,923.1,Detour_Model_2.027,22.0
마마3393, 정각2리.전원주택(천문대방면),570458.0,277.7,562.9,Detour_Model_2.027,13.4
마마3594, 보현4리.신기(화북방면),570441.0,71.8,145.5,Detour_Model_2.027,3.5
마마3394, 정각1리(천문대방면),570444.0,975.9,1978.1,Detour_Model_2.027,47.1
마마2891, 자천3리(청송방면),570803.0,421.9,855.2,Detour_Model_2.027,20.4
마마2991, 횡계리(천문대방면),570455.0,613.5,1243.6,Detour_Model_2.027,29.6
마마2892, 옥계리(새마을입구),570842.0,575.9,1167.3,Detour_Model_2.027,27.8
마마2992, 입석.보현산댐공원,570840.0,69.4,140.7,Detour_Model_2.027,3.4
마마3093, 입석리.은하수마을(영천방면),570838.0,259.7,526.4,Detour_Model_2.027,12.5
마마2893, 입석.보현산댐공원건너,570806.0,1446.0,2931.0,Detour_Model_2.027,69.8
마마3094, 입석교차로(영천방면),570837.0,430.3,872.2,Detour_Model_2.027,20.8
마마4684, 수성2리.베이터(수성방면),570338.0,668.1,1354.2,Detour_Model_2.027,32.2
마마4685, 수성2리.베이터(임고방면),570340.0,331.2,671.3,Detour_Model_2.027,16.0
마마4485, 수성1리.상구만(임고방면),570344.0,189.6,384.3,Detour_Model_2.027,9.2
마마4585, 신리입구마을(수성방면),571631.0,60.2,122.0,Detour_Model_2.027,2.9
마마4686, 신리(임고방면),570341.0,1224.0,2481.0,Detour_Model_2.027,59.1
마마4586, 수성2리마을회관,570336.0,820.6,1663.4,Detour_Model_2.027,39.6
마마4785, 수성2리(원기),570339.0,524.4,1063.0,Detour_Model_2.027,25.3
마마4287, 신방2리.장구밭(신방방면),571509.0,596.9,1209.9,Detour_Model_2.027,28.8
마마4387, 상신방,571510.0,171.9,348.4,Detour_Model_2.027,8.3
마마4288, 삼귀리회관앞,570481.0,771.7,1564.2,Detour_Model_2.027,37.2
마마4390, 중도일,570424.0,1013.8,2055.0,Detour_Model_2.027,48.9
마마4291, 도일리마을회관앞,570426.0,209.4,424.5,Detour_Model_2.027,10.1
마마4391, 중도일,570424.0,632.5,1282.1,Detour_Model_2.027,30.5
마마4292, 도일리마을회관앞,570426.0,703.8,1426.6,Detour_Model_2.027,34.0
마마2691, 자천중학교(화남방면),570847.0,1162.4,2356.2,Detour_Model_2.027,56.1
마마2792, 자천정류소,570844.0,1119.6,2269.4,Detour_Model_2.027,54.0
마마2692, 자천정류소,570844.0,1662.7,3370.3,Detour_Model_2.027,80.2
마마2593, 용계리,571504.0,1316.1,2667.7,Detour_Model_2.027,63.5
마마2594, 죽전1리.마을회관,570824.0,1611.1,3265.7,Detour_Model_2.027,77.8
마마3292, 정각2리.양지마을(천문대방면),570457.0,1220.6,2474.2,Detour_Model_2.027,58.9
마마3192, 입석리.전망대건너,570839.0,1091.5,2212.5,Detour_Model_2.027,52.7
마마3294, 입석리.향나무골,571556.0,851.7,1726.4,Detour_Model_2.027,41.1
마마3295, 입석리.향나무골,571556.0,651.4,1320.4,Detour_Model_2.027,31.4
마마3195, 보현산댐짚와이어(입석방면),571555.0,427.7,866.9,Detour_Model_2.027,20.6
마마2994, 용소(법화입구),570812.0,362.8,735.4,Detour_Model_2.027,17.5
마마2995, 상용소(영천방면),570834.0,299.1,606.3,Detour_Model_2.027,14.4
마마2895, 하송리경로당 건너,571606.0,559.1,1133.3,Detour_Model_2.027,27.0
마마2996, 법화(법화방면),570814.0,306.1,620.5,Detour_Model_2.027,14.8
마마2896, 하송리경로당 앞,571605.0,453.0,918.2,Detour_Model_2.027,21.9
마마2997, 법화(영천방면),570816.0,704.4,1427.8,Detour_Model_2.027,34.0
마마3097, 법화리 마을회관,570815.0,377.3,764.8,Detour_Model_2.027,18.2
마마2897, 하송(영천방면),570833.0,536.1,1086.7,Detour_Model_2.027,25.9
마마2695, 죽전숲(죽전방면),570823.0,437.4,886.6,Detour_Model_2.027,21.1
마마2595, 죽전숲(상송방면),570825.0,1371.4,2779.8,Detour_Model_2.027,66.2
마마2795, 상송교회앞,570821.0,432.7,877.1,Detour_Model_2.027,20.9
마마2596, 죽전숲(죽전방면),570823.0,1562.9,3168.0,Detour_Model_2.027,75.4
마마2796, 상송도림주유소,570831.0,252.5,511.8,Detour_Model_2.027,12.2
마마2697, 상송도림주유소,570831.0,1302.1,2639.4,Detour_Model_2.027,62.8
마마2797, 하송(영천방면),570833.0,620.9,1258.6,Detour_Model_2.027,30.0
마마2898, 하송(청송방면),570819.0,1350.5,2737.5,Detour_Model_2.027,65.2
마마3098, 법화리 마을회관,570815.0,973.7,1973.7,Detour_Model_2.027,47.0
마마2698, 하송(영천방면),570833.0,1950.9,3954.5,Detour_Model_2.027,94.2
마마2699, 하송(영천방면),570833.0,2183.7,4426.4,Detour_Model_2.027,105.4
마마4091, 충효2리.충효사입구,570473.0,657.8,1333.4,Detour_Model_2.027,31.7
마마3992, 충효3리(자양방면),571608.0,780.3,1581.7,Detour_Model_2.027,37.7
마마4092, 충효3리(자양방면),571608.0,311.6,631.6,Detour_Model_2.027,15.0
마마3993, 보현1리.황새골(화북방면),570432.0,128.8,261.1,Detour_Model_2.027,6.2
마마3894, 보현2리.상기(화북방면),570436.0,174.3,353.3,Detour_Model_2.027,8.4
마마3795, 보현3리(화북방면),570439.0,943.4,1912.3,Detour_Model_2.027,45.5
마마3895, 보현2리.오실계(자양방면),570466.0,1058.8,2146.2,Detour_Model_2.027,51.1
마마3896, 보현2리.오실계(화북방면),570437.0,1781.9,3611.9,Detour_Model_2.027,86.0
마마3697, 정각2리.전원주택(화북방면),570451.0,1708.7,3463.5,Detour_Model_2.027,82.5
마마3494, 정각삼거리(천문대방면),570443.0,88.4,179.2,Detour_Model_2.027,4.3
마마3495, 정각1리(절골),570446.0,123.2,249.7,Detour_Model_2.027,5.9
마마3496, 정각2리.전원주택(화북방면),570451.0,197.9,401.1,Detour_Model_2.027,9.6
마마3994, 보현.배양골(자양방면),570470.0,628.8,1274.6,Detour_Model_2.027,30.3
